ID,Target
0,1
1,1
2,2
3,0
4,0
5,2
6,1
7,1
8,2
9,2
10,2
11,0
12,2
13,2
14,0
15,2
16,0
17,0
18,0
19,0
20,2
21,1
22,0
23,1
24,2
25,0
26,1
27,2
28,2
29,0
30,1
31,0
32,0
33,1
34,0
35,1
36,0
37,0
38,2
39,2
40,2
41,0
42,0
43,1
44,1
45,2
46,0
47,1
48,1
49,1
50,1
51,2
52,2
53,0
54,0
55,1
56,1
57,1
58,0
59,0
60,0
61,0
62,2
63,0
64,2
65,0
66,0
67,1
68,2
69,1
70,0
71,1
72,0
73,2
74,1
75,0
76,0
77,2
78,2
79,0
80,0
81,0
82,1
83,1
84,1
85,2
86,2
87,2
88,2
89,2
90,1
91,2
92,1
93,1
94,1
95,0
96,0
97,2
98,2
99,1
100,1
101,0
102,2
103,0
104,0
105,0
106,0
107,1
108,0
109,0
110,1
111,1
112,1
113,0
114,0
115,0
116,1
117,2
118,0
119,1
120,0
121,2
122,0
123,0
124,0
125,2
126,0
127,1
128,0
129,2
130,2
131,0
132,0
133,2
134,0
135,1
136,2
137,2
138,2
139,1
140,2
141,1
142,0
143,2
144,2
145,0
146,1
147,0
148,0
149,1
150,0
151,1
152,0
153,0
154,1
155,1
156,1
157,2
158,0
159,1
160,2
161,2
162,0
163,2
164,1
165,0
166,2
167,0
168,1
169,2
170,1
171,2
172,0
173,1
174,1
175,2
176,1
177,0
178,1
179,1
180,0
181,0
182,0
183,1
184,2
185,1
186,1
187,0
188,2
189,2
190,0
191,1
192,1
193,2
194,0
195,2
196,0
197,2
198,0
199,2
200,2
201,0
202,2
203,2
204,0
205,1
206,2
207,1
208,2
209,1
210,0
211,2
212,2
213,0
214,2
215,1
216,1
217,1
218,1
219,1
220,2
221,1
222,1
223,0
224,2
225,0
226,0
227,2
228,2
229,2
230,2
231,0
232,1
233,0
234,1
235,0
236,1
237,2
238,0
239,1
240,1
241,1
242,0
243,1
244,2
245,0
246,2
247,1
248,2
249,0
250,0
251,2
252,0
253,2
254,0
255,2
256,2
257,1
258,1
259,0
260,2
261,2
262,0
263,0
264,1
265,2
266,0
267,0
268,1
269,2
270,2
271,1
272,0
273,1
274,2
275,0
276,1
277,2
278,1
279,2
280,1
281,2
282,2
283,2
284,1
285,0
286,2
287,1
288,2
289,0
290,0
291,2
292,0
293,0
294,1
295,1
296,2
297,1
298,1
299,1
300,0
301,0
302,2
303,0
304,0
305,2
306,1
307,0
308,2
309,2
310,0
311,2
312,0
313,2
314,0
315,1
316,1
317,2
318,1
319,0
320,1
321,2
322,1
323,1
324,1
325,1
326,0
327,0
328,2
329,2
330,2
331,1
332,2
333,0
334,2
335,0
336,0
337,0
338,1
339,1
340,1
341,2
342,2
343,1
344,0
345,1
346,0
347,0
348,2
349,0
350,1
351,1
352,0
353,1
354,1
355,0
356,1
357,2
358,0
359,2
360,1
361,0
362,1
363,2
364,1
365,1
366,1
367,1
368,2
369,0
370,0
371,0
372,2
373,0
374,2
375,1
376,2
377,2
378,0
379,0
380,1
381,1
382,2
383,1
384,2
385,0
386,0
387,2
388,0
389,2
390,0
391,1
392,1
393,0
394,2
395,0
396,1
397,1
398,2
399,2
400,1
401,2
402,1
403,0
404,2
405,2
406,1
407,2
408,2
409,1
410,2
411,1
412,2
413,0
414,2
415,1
416,1
417,2
418,2
419,2
420,0
421,1
422,1
423,2
424,0
425,0
426,0
427,0
428,0
429,1
430,2
431,1
432,0
433,1
434,1
435,1
436,2
437,2
438,0
439,0
440,0
441,1
442,1
443,0
444,2
445,2
446,1
447,0
448,2
449,1
450,0
451,2
452,2
453,1
454,2
455,0
456,0
457,0
458,1
459,2
460,2
461,0
462,0
463,0
464,1
465,2
466,1
467,0
468,0
469,1
470,1
471,0
472,0
473,0
474,0
475,2
476,2
477,2
478,2
479,2
480,1
481,1
482,2
483,2
484,2
485,1
486,0
487,1
488,1
489,2
490,2
491,0
492,2
493,0
494,1
495,1
496,2
497,1
498,1
499,0
500,2
501,1
502,0
503,1
504,1
505,0
506,0
507,2
508,1
509,1
510,2
511,1
512,1
513,1
514,1
515,2
516,2
517,1
518,1
519,1
520,1
521,2
522,1
523,0
524,1
525,0
526,0
527,0
528,2
529,1
530,0
531,0
532,0
533,0
534,1
535,2
536,1
537,1
538,0
539,1
540,2
541,2
542,1
543,1
544,2
545,2
546,0
547,0
548,0
549,1
550,1
551,1
552,1
553,1
554,0
555,1
556,0
557,2
558,0
559,1
560,0
561,0
562,1
563,2
564,0
565,2
566,2
567,2
568,0
569,0
570,1
571,2
572,2
573,0
574,2
575,2
576,0
577,0
578,0
579,0
580,0
581,2
582,2
583,1
584,0
585,1
586,1
587,0
588,2
589,0
590,1
591,1
592,2
593,1
594,1
595,1
596,1
597,2
598,0
599,0
600,0
601,2
602,0
603,0
604,2
605,1
606,2
607,0
608,0
609,1
610,1
611,1
612,2
613,2
614,2
615,2
616,1
617,1
618,1
619,2
620,1
621,1
622,1
623,1
624,1
625,1
626,2
627,2
628,0
629,1
630,0
631,2
632,0
633,1
634,0
635,1
636,2
637,2
638,0
639,0
640,1
641,1
642,1
643,1
644,0
645,0
646,1
647,1
648,1
649,2
650,2
651,0
652,1
653,1
654,2
655,1
656,2
657,0
658,1
659,2
660,0
661,1
662,0
663,2
664,0
665,2
666,0
667,1
668,1
669,1
670,1
671,1
672,1
673,1
674,0
675,1
676,0
677,1
678,2
679,0
680,0
681,0
682,2
683,2
684,1
685,2
686,1
687,2
688,1
689,2
690,2
691,2
692,2
693,0
694,2
695,1
696,2
697,1
698,0
699,2
700,0
701,0
702,0
703,1
704,1
705,1
706,2
707,1
708,2
709,2
710,0
711,2
712,2
713,0
714,1
715,2
716,0
717,0
718,1
719,1
720,1
721,0
722,2
723,1
724,2
725,0
726,1
727,1
728,2
729,0
730,1
731,0
732,1
733,1
734,1
735,0
736,2
737,0
738,2
739,0
740,2
741,2
742,0
743,0
744,1
745,1
746,2
747,1
748,0
749,1
750,0
751,0
752,0
753,0
754,0
755,1
756,1
757,0
758,0
759,1
760,2
761,0
762,1
763,1
764,2
765,1
766,2
767,0
768,1
769,0
770,2
771,1
772,1
773,1
774,1
775,1
776,2
777,2
778,1
779,1
780,0
781,1
782,0
783,2
784,1
785,0
786,0
787,2
788,2
789,1
790,1
791,0
792,2
793,0
794,1
795,0
796,1
797,2
798,1
799,1
800,0
801,0
802,0
803,0
804,2
805,0
806,1
807,2
808,1
809,2
810,1
811,2
812,1
813,1
814,2
815,1
816,0
817,1
818,0
819,0
820,0
821,0
822,0
823,0
824,0
825,2
826,0
827,2
828,1
829,0
830,2
831,1
832,1
833,0
834,1
835,2
836,2
837,2
838,2
839,2
840,2
841,2
842,0
843,1
844,1
845,2
846,0
847,2
848,1
849,2
850,0
851,0
852,1
853,0
854,1
855,2
856,2
857,0
858,1
859,1
860,0
861,1
862,2
863,1
864,1
865,1
866,0
867,0
868,2
869,1
870,2
871,2
872,2
873,1
874,2
875,0
876,2
877,1
878,1
879,0
880,0
881,1
882,1
883,2
884,0
885,2
886,1
887,1
888,2
889,1
890,0
891,1
892,0
893,0
894,1
895,0
896,0
897,0
898,2
899,1
900,1
901,1
902,1
903,1
904,0
905,1
906,2
907,2
908,1
909,2
910,0
911,1
912,1
913,1
914,2
915,2
916,0
917,0
918,0
919,1
920,2
921,0
922,1
923,2
924,1
925,1
926,0
927,0
928,2
929,1
930,2
931,0
932,0
933,1
934,2
935,1
936,1
937,0
938,0
939,1
940,1
941,2
942,1
943,1
944,1
945,0
946,2
947,1
948,2
949,2
950,2
951,1
952,1
953,2
954,0
955,2
956,0
957,1
958,2
959,2
960,2
961,2
962,0
963,0
964,0
965,1
966,1
967,1
968,0
969,0
970,0
971,0
972,2
973,2
974,1
975,1
976,0
977,2
978,0
979,0
980,0
981,1
982,1
983,1
984,1
985,0
986,2
987,1
988,1
989,1
990,1
991,2
992,1
993,0
994,2
995,2
996,0
997,1
998,2
999,2
1000,1
1001,1
1002,0
1003,1
1004,1
1005,2
1006,1
1007,1
1008,1
1009,2
1010,0
1011,2
1012,1
1013,2
1014,1
1015,1
1016,0
1017,1
1018,2
1019,1
1020,2
1021,0
1022,0
1023,0
1024,1
1025,1
1026,0
1027,1
1028,0
1029,2
1030,2
1031,1
1032,0
1033,2
1034,0
1035,0
1036,0
1037,1
1038,1
1039,0
1040,0
1041,0
1042,0
1043,2
1044,2
1045,2
1046,2
1047,1
1048,1
1049,0
1050,1
1051,0
1052,0
1053,1
1054,1
1055,1
1056,2
1057,1
1058,2
1059,0
1060,2
1061,0
1062,2
1063,2
1064,2
1065,1
1066,2
1067,1
1068,0
1069,1
1070,1
1071,0
1072,1
1073,2
1074,1
1075,1
1076,0
1077,2
1078,0
1079,1
1080,1
1081,1
1082,0
1083,1
1084,2
1085,2
1086,1
1087,0
1088,2
1089,0
1090,0
1091,1
1092,2
1093,0
1094,1
1095,0
1096,0
1097,2
1098,1
1099,1
1100,1
1101,1
1102,2
1103,1
1104,1
1105,2
1106,0
1107,1
1108,1
1109,2
1110,2
1111,1
1112,0
1113,0
1114,1
1115,1
1116,1
1117,0
1118,1
1119,1
1120,2
1121,1
1122,2
1123,1
1124,1
1125,0
1126,0
1127,2
1128,0
1129,0
1130,0
1131,1
1132,2
1133,1
1134,0
1135,2
1136,2
1137,1
1138,0
1139,0
1140,1
1141,2
1142,2
1143,2
1144,0
1145,0
1146,1
1147,1
1148,2
1149,0
1150,0
1151,0
1152,2
1153,0
1154,1
1155,0
1156,0
1157,0
1158,0
1159,1
1160,1
1161,2
1162,1
1163,0
1164,0
1165,1
1166,1
1167,2
1168,0
1169,1
1170,0
1171,0
1172,1
1173,0
1174,1
1175,2
1176,1
1177,0
1178,0
1179,1
1180,1
1181,2
1182,0
1183,0
1184,2
1185,2
1186,1
1187,0
1188,0
1189,2
1190,1
1191,1
1192,1
1193,0
1194,2
1195,0
1196,1
1197,0
1198,1
1199,1
1200,1
1201,0
1202,1
1203,2
1204,2
1205,2
1206,2
1207,1
1208,0
1209,0
1210,0
1211,2
1212,1
1213,2
1214,1
1215,0
1216,2
1217,2
1218,2
1219,2
1220,1
1221,1
1222,0
1223,0
1224,1
1225,2
1226,2
1227,1
1228,1
1229,1
1230,2
1231,0
1232,1
1233,0
1234,0
1235,2
1236,0
1237,2
1238,0
1239,1
1240,1
1241,2
1242,2
1243,0
1244,0
1245,1
1246,0
1247,2
1248,2
1249,2
1250,1
1251,0
1252,1
1253,0
1254,1
1255,1
1256,1
1257,2
1258,2
1259,1
1260,0
1261,1
1262,1
1263,0
1264,0
1265,1
1266,0
1267,0
1268,2
1269,2
1270,1
1271,1
1272,0
1273,0
1274,0
1275,2
1276,2
1277,2
1278,2
1279,0
1280,2
1281,1
1282,1
1283,1
1284,1
1285,2
1286,1
1287,1
1288,2
1289,2
1290,1
1291,0
1292,0
1293,1
1294,0
1295,0
1296,2
1297,2
1298,1
1299,2
1300,2
1301,0
1302,1
1303,0
1304,1
1305,0
1306,2
1307,1
1308,1
1309,2
1310,0
1311,2
1312,1
1313,2
1314,2
1315,2
1316,2
1317,1
1318,2
1319,0
1320,0
1321,1
1322,2
1323,2
1324,2
1325,1
1326,0
1327,0
1328,0
1329,2
1330,0
1331,1
1332,2
1333,1
1334,2
1335,1
1336,0
1337,2
1338,1
1339,2
1340,2
1341,0
1342,1
1343,0
1344,0
1345,1
1346,1
1347,0
1348,2
1349,2
1350,0
1351,1
1352,1
1353,1
1354,2
1355,1
1356,0
1357,0
1358,2
1359,2
1360,0
1361,0
1362,2
1363,1
1364,2
1365,0
1366,1
1367,2
1368,1
1369,1
1370,0
1371,1
1372,0
1373,0
1374,0
1375,0
1376,0
1377,2
1378,0
1379,0
1380,2
1381,0
1382,2
1383,2
1384,1
1385,1
1386,0
1387,0
1388,1
1389,2
1390,2
1391,2
1392,2
1393,0
1394,1
1395,2
1396,0
1397,0
1398,0
1399,1
1400,0
1401,0
1402,0
1403,1
1404,1
1405,1
1406,0
1407,2
1408,1
1409,2
1410,1
1411,0
1412,0
1413,0
1414,0
1415,1
1416,1
1417,1
1418,2
1419,2
1420,1
1421,2
1422,1
1423,2
1424,2
1425,2
1426,0
1427,1
1428,1
1429,1
1430,0
1431,0
1432,0
1433,1
1434,2
1435,1
1436,0
1437,1
1438,2
1439,0
1440,0
1441,1
1442,0
1443,2
1444,1
1445,1
1446,1
1447,1
1448,0
1449,1
1450,0
1451,1
1452,0
1453,1
1454,2
1455,1
1456,0
1457,0
1458,1
1459,1
1460,1
1461,0
1462,2
1463,1
1464,0
1465,0
1466,2
1467,0
1468,1
1469,1
1470,2
1471,1
1472,0
1473,1
1474,1
1475,0
1476,2
1477,0
1478,0
1479,2
1480,2
1481,2
1482,2
1483,2
1484,1
1485,0
1486,0
1487,2
1488,0
1489,2
1490,1
1491,1
1492,0
1493,0
1494,1
1495,2
1496,1
1497,0
1498,2
1499,1
1500,1
1501,1
1502,1
1503,0
1504,2
1505,1
1506,2
1507,2
1508,0
1509,2
1510,2
1511,0
1512,0
1513,1
1514,0
1515,0
1516,2
1517,0
1518,1
1519,2
1520,0
1521,2
1522,0
1523,1
1524,1
1525,1
1526,1
1527,1
1528,0
1529,2
1530,0
1531,2
1532,1
1533,1
1534,0
1535,2
1536,1
1537,1
1538,1
1539,2
1540,1
1541,1
1542,1
1543,0
1544,0
1545,2
1546,0
1547,0
1548,2
1549,1
1550,0
1551,0
1552,0
1553,0
1554,0
1555,2
1556,0
1557,1
1558,2
1559,1
1560,0
1561,0
1562,1
1563,1
1564,0
1565,1
1566,2
1567,2
1568,0
1569,2
1570,0
1571,2
1572,0
1573,0
1574,2
1575,0
1576,0
1577,1
1578,0
1579,2
1580,1
1581,1
1582,0
1583,0
1584,2
1585,0
1586,2
1587,0
1588,0
1589,0
1590,0
1591,0
1592,2
1593,2
1594,1
1595,1
1596,2
1597,2
1598,2
1599,2
1600,1
1601,0
1602,1
1603,2
1604,1
1605,1
1606,0
1607,2
1608,1
1609,0
1610,1
1611,0
1612,0
1613,2
1614,1
1615,0
1616,1
1617,1
1618,1
1619,0
1620,2
1621,0
1622,1
1623,2
1624,2
1625,2
1626,0
1627,0
1628,0
1629,0
1630,1
1631,1
1632,1
1633,0
1634,2
1635,1
1636,1
1637,1
1638,1
1639,1
1640,1
1641,1
1642,1
1643,1
1644,2
1645,2
1646,0
1647,0
1648,1
1649,1
1650,0
1651,2
1652,1
1653,0
1654,0
1655,0
1656,0
1657,1
1658,0
1659,2
1660,0
1661,2
1662,0
1663,2
1664,1
1665,0
1666,0
1667,1
1668,2
1669,2
1670,1
1671,0
1672,2
1673,2
1674,0
1675,0
1676,1
1677,0
1678,2
1679,1
1680,2
1681,0
1682,1
1683,2
1684,2
1685,0
1686,2
1687,1
1688,2
1689,2
1690,0
1691,2
1692,1
1693,1
1694,0
1695,2
1696,0
1697,0
1698,1
1699,1
1700,0
1701,1
1702,1
1703,2
1704,0
1705,1
1706,2
1707,1
1708,0
1709,2
1710,0
1711,1
1712,2
1713,0
1714,0
1715,1
1716,1
1717,1
1718,0
1719,1
1720,1
1721,2
1722,2
1723,2
1724,2
1725,1
1726,1
1727,0
1728,2
1729,1
1730,1
1731,2
1732,0
1733,0
1734,2
1735,0
1736,0
1737,2
1738,2
1739,2
1740,0
1741,1
1742,1
1743,1
1744,2
1745,1
1746,0
1747,0
1748,1
1749,2
1750,0
1751,1
1752,0
1753,0
1754,0
1755,0
1756,0
1757,1
1758,0
1759,1
1760,0
1761,0
1762,1
1763,2
1764,1
1765,2
1766,1
1767,0
1768,1
1769,0
1770,1
1771,2
1772,1
1773,0
1774,1
1775,1
1776,0
1777,0
1778,0
1779,0
1780,1
1781,1
1782,1
1783,0
1784,1
1785,0
1786,2
1787,1
1788,1
1789,0
1790,2
1791,2
1792,0
1793,0
1794,1
1795,0
1796,0
1797,1
1798,0
1799,1
1800,2
1801,2
1802,1
1803,0
1804,2
1805,1
1806,2
1807,2
1808,2
1809,2
1810,1
1811,0
1812,1
1813,1
1814,1
1815,0
1816,0
1817,1
1818,0
1819,2
1820,2
1821,0
1822,2
1823,2
1824,2
1825,0
1826,1
1827,0
1828,2
1829,1
1830,1
1831,0
1832,1
1833,0
1834,2
1835,0
1836,0
1837,0
1838,2
1839,1
1840,1
1841,1
1842,0
1843,1
1844,0
1845,1
1846,2
1847,2
1848,1
1849,1
1850,1
1851,0
1852,0
1853,2
1854,2
1855,1
1856,1
1857,1
1858,1
1859,2
1860,2
1861,0
1862,2
1863,0
1864,1
1865,1
1866,2
1867,2
1868,2
1869,0
1870,0
1871,2
1872,1
1873,1
1874,1
1875,1
1876,2
1877,2
1878,2
1879,2
1880,1
1881,1
1882,1
1883,2
1884,0
1885,2
1886,0
1887,1
1888,2
1889,2
1890,2
1891,1
1892,2
1893,1
1894,1
1895,0
1896,1
1897,0
1898,1
1899,1
1900,0
1901,0
1902,0
1903,1
1904,2
1905,1
1906,2
1907,1
1908,0
1909,1
1910,2
1911,1
1912,0
1913,1
1914,2
1915,1
1916,0
1917,2
1918,0
1919,0
1920,0
1921,0
1922,0
1923,1
1924,2
1925,0
1926,1
1927,2
1928,0
1929,1
1930,2
1931,1
1932,1
1933,0
1934,1
1935,2
1936,1
1937,0
1938,0
1939,2
1940,1
1941,0
1942,2
1943,0
1944,1
1945,2
1946,1
1947,2
1948,2
1949,0
1950,2
1951,1
1952,1
1953,1
1954,0
1955,2
1956,2
1957,2
1958,1
1959,2
1960,1
1961,0
1962,2
1963,0
1964,0
1965,1
1966,0
1967,0
1968,0
1969,2
1970,0
1971,1
1972,2
1973,1
1974,2
1975,0
1976,0
1977,1
1978,0
1979,2
1980,2
1981,0
1982,1
1983,2
1984,0
1985,2
1986,0
1987,1
1988,2
1989,1
1990,0
1991,1
1992,0
1993,0
1994,1
1995,2
1996,2
1997,2
1998,0
1999,0
2000,0
2001,2
2002,2
2003,2
2004,2
2005,0
2006,0
2007,1
2008,0
2009,0
2010,0
2011,1
2012,0
2013,2
2014,1
2015,2
2016,1
2017,0
2018,1
2019,2
2020,2
2021,0
2022,0
2023,0
2024,1
2025,2
2026,0
2027,1
2028,1
2029,1
2030,1
2031,2
2032,1
2033,0
2034,1
2035,2
2036,0
2037,2
2038,0
2039,0
2040,0
2041,1
2042,1
2043,0
2044,1
2045,0
2046,0
2047,0
2048,0
2049,1
2050,2
2051,0
2052,0
2053,0
2054,1
2055,1
2056,2
2057,0
2058,1
2059,1
2060,1
2061,1
2062,0
2063,2
2064,2
2065,1
2066,1
2067,1
2068,1
2069,0
2070,1
2071,2
2072,2
2073,1
2074,1
2075,0
2076,0
2077,1
2078,0
2079,0
2080,0
2081,1
2082,1
2083,1
2084,0
2085,2
2086,0
2087,1
2088,1
2089,1
2090,1
2091,2
2092,0
2093,1
2094,0
2095,2
2096,1
2097,2
2098,2
2099,0
2100,1
2101,1
2102,0
2103,1
2104,2
2105,0
2106,2
2107,1
2108,2
2109,0
2110,0
2111,2
2112,0
2113,0
2114,2
2115,0
2116,1
2117,0
2118,1
2119,0
2120,0
2121,0
2122,2
2123,1
2124,0
2125,1
2126,0
2127,2
2128,1
2129,2
2130,0
2131,1
2132,1
2133,0
2134,1
2135,1
2136,0
2137,1
2138,2
2139,2
2140,2
2141,1
2142,2
2143,0
2144,1
2145,2
2146,2
2147,2
2148,0
2149,0
2150,0
2151,2
2152,2
2153,2
2154,0
2155,2
2156,1
2157,1
2158,2
2159,1
2160,0
2161,0
2162,0
2163,1
2164,0
2165,1
2166,1
2167,2
2168,1
2169,1
2170,1
2171,2
2172,1
2173,1
2174,1
2175,0
2176,2
2177,0
2178,2
2179,0
2180,1
2181,2
2182,2
2183,0
2184,0
2185,0
2186,0
2187,2
2188,2
2189,0
2190,2
2191,1
2192,0
2193,0
2194,0
2195,1
2196,2
2197,0
2198,1
2199,2
2200,1
2201,0
2202,0
2203,1
2204,0
2205,0
2206,2
2207,0
2208,1
2209,2
2210,1
2211,2
2212,0
2213,2
2214,0
2215,0
2216,1
2217,1
2218,0
2219,2
2220,0
2221,1
2222,0
2223,0
2224,2
2225,0
2226,1
2227,0
2228,0
2229,0
2230,2
2231,0
2232,2
2233,0
2234,2
2235,1
2236,1
2237,1
2238,2
2239,1
2240,0
2241,0
2242,2
2243,0
2244,0
2245,0
2246,1
2247,2
2248,2
2249,1
2250,2
2251,2
2252,2
2253,0
2254,2
2255,1
2256,2
2257,2
2258,2
2259,1
2260,2
2261,2
2262,0
2263,2
2264,0
2265,1
2266,1
2267,0
2268,1
2269,2
2270,2
2271,0
2272,1
2273,1
2274,0
2275,1
2276,1
2277,0
2278,0
2279,0
2280,1
2281,0
2282,1
2283,2
2284,0
2285,0
2286,1
2287,1
2288,2
2289,1
2290,2
2291,0
2292,0
2293,1
2294,0
2295,1
2296,1
2297,1
2298,1
2299,1
2300,2
2301,0
2302,1
2303,2
2304,2
2305,2
2306,0
2307,2
2308,1
2309,1
2310,0
2311,2
2312,0
2313,0
2314,0
2315,2
2316,0
2317,1
2318,1
2319,1
2320,2
2321,1
2322,2
2323,1
2324,0
2325,0
2326,0
2327,0
2328,1
2329,0
2330,1
2331,1
2332,1
2333,2
2334,1
2335,1
2336,2
2337,1
2338,1
2339,2
2340,1
2341,2
2342,0
2343,1
2344,2
2345,0
2346,0
2347,0
2348,0
2349,1
2350,0
2351,2
2352,1
2353,2
2354,0
2355,0
2356,1
2357,0
2358,0
2359,2
2360,1
2361,1
2362,2
2363,0
2364,0
2365,1
2366,1
2367,1
2368,0
2369,1
2370,1
2371,1
2372,2
2373,1
2374,1
2375,2
2376,2
2377,2
2378,1
2379,0
2380,1
2381,2
2382,2
2383,2
2384,1
2385,1
2386,0
2387,2
2388,1
2389,0
2390,0
2391,0
2392,0
2393,0
2394,1
2395,2
2396,1
2397,0
2398,1
2399,2
2400,2
2401,2
2402,2
2403,0
2404,1
2405,2
2406,2
2407,1
2408,2
2409,1
2410,1
2411,1
2412,2
2413,0
2414,1
2415,2
2416,0
2417,1
2418,0
2419,0
2420,0
2421,2
2422,2
2423,2
2424,0
2425,0
2426,0
2427,1
2428,1
2429,2
2430,0
2431,2
2432,1
2433,0
2434,1
2435,0
2436,0
2437,1
2438,1
2439,2
2440,2
2441,0
2442,1
2443,1
2444,0
2445,0
2446,0
2447,0
2448,1
2449,0
2450,0
2451,1
2452,0
2453,2
2454,0
2455,1
2456,1
2457,0
2458,1
2459,1
2460,0
2461,1
2462,1
2463,0
2464,0
2465,0
2466,2
2467,1
2468,0
2469,1
2470,0
2471,0
2472,0
2473,2
2474,1
2475,1
2476,0
2477,1
2478,1
2479,1
2480,2
2481,0
2482,1
2483,2
2484,2
2485,1
2486,1
2487,0
2488,0
2489,1
2490,0
2491,0
2492,1
2493,2
2494,1
2495,2
2496,1
2497,1
2498,0
2499,2
2500,0
2501,0
2502,1
2503,0
2504,0
2505,0
2506,0
2507,1
2508,2
2509,0
2510,0
2511,1
2512,0
2513,2
2514,2
2515,2
2516,0
2517,2
2518,0
2519,0
2520,1
2521,0
2522,2
2523,0
2524,0
2525,2
2526,0
2527,0
2528,2
2529,2
2530,1
2531,2
2532,0
2533,0
2534,0
2535,2
2536,1
2537,2
2538,0
2539,2
2540,2
2541,2
2542,2
2543,2
2544,1
2545,1
2546,2
2547,1
2548,1
2549,1
2550,2
2551,1
2552,2
2553,0
2554,1
2555,2
2556,1
2557,2
2558,1
2559,0
2560,2
2561,2
2562,1
2563,2
2564,1
2565,1
2566,1
2567,2
2568,0
2569,1
2570,0
2571,0
2572,0
2573,2
2574,0
2575,1
2576,2
2577,1
2578,1
2579,1
2580,2
2581,2
2582,2
2583,2
2584,0
2585,2
2586,0
2587,1
2588,2
2589,0
2590,1
2591,1
2592,0
2593,0
2594,0
2595,2
2596,1
2597,0
2598,0
2599,1
2600,2
2601,1
2602,1
2603,1
2604,0
2605,1
2606,2
2607,0
2608,2
2609,0
2610,0
2611,0
2612,2
2613,2
2614,2
2615,1
2616,1
2617,2
2618,1
2619,0
2620,1
2621,2
2622,2
2623,0
2624,0
2625,1
2626,2
2627,2
2628,0
2629,0
2630,0
2631,1
2632,1
2633,2
2634,0
2635,0
2636,0
2637,2
2638,1
2639,0
2640,1
2641,1
2642,1
2643,2
2644,0
2645,0
2646,0
2647,1
2648,2
2649,0
2650,1
2651,2
2652,1
2653,2
2654,0
2655,1
2656,2
2657,0
2658,2
2659,2
2660,2
2661,2
2662,2
2663,0
2664,2
2665,1
2666,1
2667,2
2668,2
2669,0
2670,1
2671,1
2672,0
2673,2
2674,2
2675,1
2676,0
2677,2
2678,2
2679,1
2680,2
2681,1
2682,2
2683,1
2684,0
2685,2
2686,1
2687,2
2688,0
2689,0
2690,1
2691,1
2692,2
2693,2
2694,0
2695,1
2696,2
2697,1
2698,1
2699,1
2700,1
2701,1
2702,1
2703,2
2704,0
2705,1
2706,2
2707,0
2708,2
2709,1
2710,0
2711,2
2712,1
2713,1
2714,2
2715,1
2716,1
2717,0
2718,1
2719,1
2720,0
2721,2
2722,1
2723,2
2724,0
2725,2
2726,2
2727,0
2728,0
2729,0
2730,1
2731,0
2732,2
2733,0
2734,2
2735,1
2736,1
2737,2
2738,1
2739,2
2740,2
2741,0
2742,0
2743,0
2744,1
2745,1
2746,2
2747,0
2748,0
2749,0
2750,1
2751,0
2752,0
2753,1
2754,0
2755,1
2756,1
2757,0
2758,1
2759,1
2760,2
2761,0
2762,1
2763,1
2764,1
2765,0
2766,2
2767,1
2768,0
2769,2
2770,0
2771,0
2772,1
2773,0
2774,1
2775,2
2776,1
2777,0
2778,1
2779,1
2780,1
2781,2
2782,0
2783,2
2784,0
2785,2
2786,0
2787,0
2788,1
2789,0
2790,2
2791,2
2792,1
2793,2
2794,1
2795,1
2796,0
2797,2
2798,1
2799,0
2800,0
2801,0
2802,1
2803,0
2804,1
2805,1
2806,0
2807,2
2808,0
2809,2
2810,2
2811,2
2812,1
2813,1
2814,2
2815,1
2816,0
2817,2
2818,1
2819,2
2820,0
2821,0
2822,1
2823,1
2824,0
2825,0
2826,0
2827,0
2828,0
2829,1
2830,0
2831,0
2832,0
2833,0
2834,1
2835,0
2836,0
2837,2
2838,1
2839,1
2840,0
2841,2
2842,0
2843,1
2844,1
2845,0
2846,0
2847,2
2848,1
2849,0
2850,2
2851,0
2852,0
2853,2
2854,0
2855,1
2856,1
2857,2
2858,2
2859,2
2860,1
2861,2
2862,1
2863,1
2864,1
2865,0
2866,2
2867,0
2868,2
2869,0
2870,0
2871,2
2872,1
2873,2
2874,2
2875,1
2876,2
2877,1
2878,2
2879,1
2880,1
2881,2
2882,2
2883,1
2884,1
2885,0
2886,2
2887,1
2888,2
2889,1
2890,0
2891,1
2892,1
2893,0
2894,1
2895,2
2896,1
2897,1
2898,2
2899,1
2900,0
2901,0
2902,1
2903,2
2904,1
2905,1
2906,0
2907,0
2908,2
2909,0
2910,1
2911,2
2912,2
2913,0
2914,0
2915,0
2916,1
2917,1
2918,0
2919,0
2920,1
2921,1
2922,1
2923,2
2924,1
2925,1
2926,2
2927,1
2928,0
2929,1
2930,0
2931,2
2932,0
2933,2
2934,1
2935,2
2936,1
2937,2
2938,1
2939,2
2940,0
2941,0
2942,2
2943,1
2944,2
2945,0
2946,1
2947,1
2948,0
2949,2
2950,2
2951,1
2952,1
2953,2
2954,2
2955,2
2956,2
2957,2
2958,0
2959,0
2960,0
2961,0
2962,1
2963,0
2964,2
2965,0
2966,2
2967,1
2968,2
2969,2
2970,0
2971,0
2972,1
2973,2
2974,0
2975,2
2976,2
2977,0
2978,2
2979,1
2980,0
2981,0
2982,1
2983,2
2984,2
2985,0
2986,2
2987,0
2988,0
2989,2
2990,1
2991,1
2992,0
2993,0
2994,0
2995,2
2996,2
2997,1
2998,0
2999,0
3000,2
3001,1
3002,0
3003,2
3004,2
3005,1
3006,0
3007,0
3008,0
3009,2
3010,0
3011,1
3012,1
3013,2
3014,1
3015,0
3016,1
3017,2
3018,0
3019,0
3020,2
3021,0
3022,0
3023,0
3024,1
3025,1
3026,2
3027,0
3028,2
3029,0
3030,1
3031,0
3032,2
3033,2
3034,0
3035,1
3036,1
3037,1
3038,2
3039,1
3040,0
3041,2
3042,1
3043,2
3044,0
3045,2
3046,0
3047,2
3048,2
3049,1
3050,1
3051,1
3052,1
3053,0
3054,2
3055,1
3056,2
3057,0
3058,1
3059,1
3060,0
3061,2
3062,2
3063,2
3064,1
3065,2
3066,1
3067,0
3068,1
3069,1
3070,0
3071,2
3072,1
3073,0
3074,2
3075,1
3076,1
3077,0
3078,0
3079,1
3080,1
3081,0
3082,1
3083,0
3084,1
3085,2
3086,2
3087,2
3088,0
3089,0
3090,1
3091,2
3092,2
3093,0
3094,1
3095,1
3096,0
3097,2
3098,1
3099,2
3100,0
3101,1
3102,0
3103,2
3104,1
3105,2
3106,0
3107,2
3108,0
3109,1
3110,2
3111,2
3112,0
3113,2
3114,0
3115,1
3116,0
3117,1
3118,0
3119,1
3120,1
3121,1
3122,1
3123,2
3124,1
3125,0
3126,2
3127,2
3128,1
3129,1
3130,0
3131,0
3132,0
3133,0
3134,0
3135,1
3136,1
3137,0
3138,1
3139,0
3140,0
3141,1
3142,0
3143,0
3144,1
3145,1
3146,0
3147,0
3148,0
3149,0
3150,0
3151,1
3152,0
3153,2
3154,2
3155,0
3156,0
3157,2
3158,1
3159,1
3160,0
3161,2
3162,1
3163,2
3164,1
3165,2
3166,0
3167,0
3168,0
3169,1
3170,2
3171,0
3172,0
3173,0
3174,1
3175,2
3176,2
3177,0
3178,1
3179,2
3180,2
3181,0
3182,1
3183,0
3184,2
3185,1
3186,1
3187,0
3188,0
3189,0
3190,0
3191,2
3192,1
3193,1
3194,1
3195,2
3196,0
3197,0
3198,0
3199,1
3200,2
3201,2
3202,0
3203,1
3204,1
3205,2
3206,0
3207,2
3208,1
3209,2
3210,0
3211,2
3212,1
3213,0
3214,1
3215,2
3216,0
3217,2
3218,1
3219,0
3220,1
3221,2
3222,2
3223,2
3224,1
3225,2
3226,2
3227,2
3228,2
3229,0
3230,1
3231,0
3232,0
3233,2
3234,1
3235,1
3236,1
3237,2
3238,1
3239,2
3240,0
3241,2
3242,2
3243,0
3244,1
3245,1
3246,2
3247,2
3248,0
3249,0
3250,0
3251,1
3252,0
3253,2
3254,2
3255,2
3256,0
3257,2
3258,0
3259,0
3260,1
3261,2
3262,0
3263,1
3264,0
3265,0
3266,2
3267,0
3268,2
3269,1
3270,1
3271,0
3272,1
3273,0
3274,0
3275,0
3276,2
3277,1
3278,1
3279,0
3280,1
3281,1
3282,2
3283,1
3284,2
3285,0
3286,0
3287,2
3288,2
3289,0
3290,0
3291,0
3292,2
3293,1
3294,2
3295,0
3296,0
3297,1
3298,0
3299,2
3300,2
3301,0
3302,2
3303,1
3304,0
3305,1
3306,1
3307,1
3308,2
3309,1
3310,0
3311,1
3312,0
3313,0
3314,2
3315,1
3316,2
3317,2
3318,2
3319,1
3320,1
3321,2
3322,0
3323,0
3324,1
3325,1
3326,2
3327,1
3328,2
3329,2
3330,0
3331,2
3332,2
3333,1
3334,1
3335,0
3336,0
3337,1
3338,1
3339,2
3340,1
3341,0
3342,2
3343,1
3344,0
3345,1
3346,0
3347,2
3348,1
3349,1
3350,2
3351,1
3352,2
3353,1
3354,0
3355,1
3356,0
3357,0
3358,0
3359,0
3360,2
3361,1
3362,1
3363,2
3364,1
3365,2
3366,1
3367,2
3368,2
3369,1
3370,1
3371,1
3372,2
3373,0
3374,0
3375,1
3376,0
3377,1
3378,1
3379,1
3380,1
3381,2
3382,1
3383,0
3384,2
3385,0
3386,1
3387,2
3388,0
3389,1
3390,2
3391,1
3392,1
3393,1
3394,1
3395,1
3396,1
3397,1
3398,0
3399,1
3400,2
3401,1
3402,1
3403,1
3404,2
3405,2
3406,2
3407,0
3408,0
3409,1
3410,2
3411,1
3412,2
3413,2
3414,1
3415,1
3416,1
3417,1
3418,0
3419,1
3420,0
3421,0
3422,0
3423,1
3424,0
3425,0
3426,2
3427,0
3428,0
3429,2
3430,0
3431,2
3432,2
3433,1
3434,0
3435,0
3436,2
3437,1
3438,2
3439,2
3440,0
3441,0
3442,2
3443,1
3444,0
3445,2
3446,0
3447,2
3448,0
3449,0
3450,0
3451,0
3452,2
3453,0
3454,0
3455,2
3456,0
3457,0
3458,2
3459,1
3460,1
3461,1
3462,1
3463,1
3464,0
3465,2
3466,2
3467,0
3468,1
3469,1
3470,1
3471,2
3472,1
3473,1
3474,0
3475,0
3476,0
3477,2
3478,2
3479,0
3480,1
3481,2
3482,0
3483,0
3484,1
3485,1
3486,0
3487,0
3488,1
3489,0
3490,1
3491,0
3492,1
3493,1
3494,0
3495,0
3496,1
3497,0
3498,0
3499,2
3500,1
3501,1
3502,1
3503,0
3504,1
3505,0
3506,2
3507,0
3508,2
3509,0
3510,1
3511,1
3512,1
3513,1
3514,2
3515,2
3516,0
3517,0
3518,1
3519,0
3520,1
3521,2
3522,0
3523,1
3524,0
3525,1
3526,1
3527,1
3528,0
3529,0
3530,1
3531,0
3532,2
3533,1
3534,1
3535,2
3536,0
3537,2
3538,0
3539,1
3540,0
3541,1
3542,0
3543,2
3544,0
3545,2
3546,2
3547,2
3548,2
3549,0
3550,1
3551,0
3552,1
3553,0
3554,1
3555,1
3556,0
3557,1
3558,2
3559,2
3560,0
3561,2
3562,0
3563,0
3564,2
3565,0
3566,2
3567,1
3568,2
3569,1
3570,0
3571,0
3572,2
3573,2
3574,0
3575,1
3576,0
3577,1
3578,0
3579,2
3580,0
3581,2
3582,0
3583,1
3584,1
3585,1
3586,2
3587,1
3588,1
3589,1
3590,2
3591,1
3592,0
3593,1
3594,0
3595,0
3596,1
3597,0
3598,1
3599,2
3600,0
3601,0
3602,0
3603,0
3604,0
3605,0
3606,1
3607,2
3608,1
3609,2
3610,2
3611,1
3612,1
3613,0
3614,2
3615,0
3616,0
3617,1
3618,0
3619,1
3620,0
3621,1
3622,0
3623,1
3624,1
3625,0
3626,2
3627,2
3628,0
3629,2
3630,1
3631,2
3632,2
3633,1
3634,2
3635,0
3636,0
3637,1
3638,0
3639,2
3640,1
3641,1
3642,0
3643,1
3644,1
3645,1
3646,2
3647,0
3648,2
3649,2
3650,2
3651,0
3652,2
3653,0
3654,1
3655,1
3656,1
3657,0
3658,2
3659,0
3660,1
3661,2
3662,2
3663,0
3664,0
3665,1
3666,0
3667,0
3668,1
3669,0
3670,0
3671,0
3672,0
3673,1
3674,1
3675,0
3676,0
3677,1
3678,2
3679,1
3680,2
3681,1
3682,0
3683,1
3684,1
3685,0
3686,1
3687,0
3688,2
3689,0
3690,1
3691,2
3692,2
3693,1
3694,2
3695,0
3696,0
3697,1
3698,0
3699,1
3700,2
3701,1
3702,0
3703,1
3704,0
3705,0
3706,0
3707,0
3708,1
3709,1
3710,2
3711,1
3712,1
3713,1
3714,0
3715,0
3716,0
3717,1
3718,1
3719,0
3720,0
3721,0
3722,0
3723,1
3724,2
3725,1
3726,2
3727,1
3728,2
3729,0
3730,0
3731,0
3732,2
3733,1
3734,0
3735,2
3736,1
3737,2
3738,0
3739,1
3740,1
3741,0
3742,1
3743,2
3744,0
3745,1
3746,0
3747,2
3748,2
3749,0
3750,1
3751,1
3752,1
3753,1
3754,2
3755,2
3756,2
3757,0
3758,0
3759,2
3760,2
3761,1
3762,2
3763,2
3764,2
3765,2
3766,2
3767,0
3768,1
3769,0
3770,2
3771,2
3772,0
3773,2
3774,2
3775,1
3776,2
3777,2
3778,0
3779,2
3780,1
3781,0
3782,1
3783,1
3784,1
3785,0
3786,1
3787,1
3788,2
3789,2
3790,1
3791,2
3792,2
3793,1
3794,1
3795,2
3796,0
3797,0
3798,0
3799,0
3800,2
3801,0
3802,1
3803,2
3804,2
3805,2
3806,2
3807,2
3808,0
3809,1
3810,2
3811,1
3812,2
3813,2
3814,1
3815,1
3816,2
3817,2
3818,1
3819,2
3820,0
3821,0
3822,0
3823,0
3824,2
3825,1
3826,1
3827,1
3828,2
3829,0
3830,2
3831,0
3832,2
3833,0
3834,1
3835,2
3836,1
3837,1
3838,1
3839,2
3840,0
3841,0
3842,1
3843,1
3844,0
3845,0
3846,0
3847,1
3848,1
3849,1
3850,1
3851,2
3852,1
3853,2
3854,2
3855,1
3856,0
3857,1
3858,1
3859,2
3860,0
3861,2
3862,1
3863,1
3864,0
3865,0
3866,1
3867,0
3868,0
3869,1
3870,0
3871,1
3872,1
3873,0
3874,2
3875,2
3876,0
3877,1
3878,2
3879,1
3880,2
3881,2
3882,1
3883,0
3884,1
3885,0
3886,0
3887,0
3888,2
3889,0
3890,0
3891,1
3892,1
3893,1
3894,0
3895,0
3896,1
3897,0
3898,1
3899,1
3900,0
3901,2
3902,2
3903,0
3904,1
3905,0
3906,0
3907,1
3908,0
3909,2
3910,2
3911,2
3912,2
3913,1
3914,2
3915,1
3916,0
3917,0
3918,0
3919,2
3920,2
3921,1
3922,0
3923,1
3924,1
3925,0
3926,1
3927,1
3928,2
3929,0
3930,0
3931,0
3932,1
3933,1
3934,1
3935,0
3936,1
3937,1
3938,1
3939,2
3940,0
3941,1
3942,1
3943,1
3944,2
3945,0
3946,1
3947,2
3948,1
3949,2
3950,1
3951,2
3952,0
3953,2
3954,0
3955,0
3956,0
3957,2
3958,1
3959,2
3960,0
3961,2
3962,1
3963,0
3964,2
3965,1
3966,1
3967,2
3968,1
3969,2
3970,2
3971,2
3972,0
3973,1
3974,0
3975,0
3976,0
3977,2
3978,0
3979,2
3980,1
3981,0
3982,1
3983,0
3984,1
3985,0
3986,0
3987,2
3988,2
3989,0
3990,2
3991,0
3992,2
3993,2
3994,0
3995,0
3996,2
3997,2
3998,1
3999,0
4000,2
4001,1
4002,1
4003,0
4004,1
4005,2
4006,0
4007,0
4008,1
4009,2
4010,2
4011,1
4012,2
4013,0
4014,2
4015,2
4016,1
4017,1
4018,2
4019,0
4020,0
4021,1
4022,0
4023,0
4024,0
4025,0
4026,1
4027,1
4028,1
4029,1
4030,2
4031,0
4032,2
4033,2
4034,0
4035,1
4036,0
4037,1
4038,1
4039,1
4040,2
4041,1
4042,2
4043,2
4044,0
4045,2
4046,0
4047,2
4048,0
4049,2
4050,0
4051,1
4052,2
4053,0
4054,0
4055,1
4056,0
4057,1
4058,0
4059,1
4060,1
4061,2
4062,2
4063,1
4064,0
4065,2
4066,0
4067,2
4068,2
4069,1
4070,2
4071,1
4072,1
4073,0
4074,2
4075,1
4076,0
4077,0
4078,1
4079,2
4080,1
4081,2
4082,1
4083,1
4084,1
4085,0
4086,2
4087,0
4088,0
4089,1
4090,1
4091,0
4092,1
4093,0
4094,1
4095,1
4096,0
4097,1
4098,2
4099,1
4100,0
4101,1
4102,1
4103,1
4104,0
4105,0
4106,1
4107,0
4108,1
4109,2
4110,0
4111,2
4112,1
4113,1
4114,2
4115,2
4116,0
4117,1
4118,0
4119,1
4120,1
4121,2
4122,2
4123,1
4124,0
4125,1
4126,1
4127,1
4128,1
4129,1
4130,1
4131,2
4132,0
4133,2
4134,0
4135,1
4136,1
4137,1
4138,1
4139,2
4140,1
4141,0
4142,0
4143,0
4144,1
4145,1
4146,1
4147,1
4148,1
4149,1
4150,1
4151,0
4152,1
4153,2
4154,2
4155,0
4156,0
4157,2
4158,0
4159,1
4160,0
4161,0
4162,0
4163,1
4164,0
4165,1
4166,1
4167,1
4168,1
4169,0
4170,1
4171,2
4172,1
4173,0
4174,2
4175,1
4176,1
4177,2
4178,0
